{"dataURL":"file:\/\/\/Users\/aleksandrsmakotin\/Downloads\/train\/","id":"AB5F5A6D-6987-4419-A487-A06E4ED98241","createdDate":"2021-02-17T19:46:31Z","title":"train","modifiedDate":"2021-02-17T19:49:05Z","preferredFilename":"train","version":"1.0","dataResult":{"itemsCount":272,"dataURL":"file:\/\/\/Users\/aleksandrsmakotin\/Downloads\/train\/","classesCount":2,"analysis":{"summary":{"sampleCount":272,"classCount":2,"canUseValidation":1},"issues":[{"description":"2 classes found, including sick, health","severity":"debug"},{"description":"272 images found, automatically creating validation set","severity":"good"},{"description":"Smallest class is \"health\" with 104 images","severity":"debug"},{"description":"Largest class is \"sick\" with 168 images","severity":"debug"}],"classifierAnalysis":{"columns":[],"vizualizerSpec":"","labelStats":{"health":104,"sick":168}}}},"activityEntities":["dataSourceMetrics",[{"id":"B599A331-ECB9-4EDA-8582-8BBE96D2E117","title":"Data Summary","createdDate":"2021-02-17T19:46:49Z","event":"dataSourceMetrics","subtitle":"2 Classes, 272 Items"}],"dataSourceCreated",[{"id":"BFF47ED8-A6EF-4C1B-9086-94B8EB84999F","title":"Data Source Created","createdDate":"2021-02-17T19:46:31Z","event":"dataSourceCreated","subtitle":"train"}],"dataSourceTrainingStarted",[{"id":"600ACBF7-AA5E-47A7-ABD8-7D46B8EC8F5A","title":"Used By","createdDate":"2021-02-17T19:46:49Z","event":"dataSourceTrainingStarted","subtitle":"matplotlibfiles 1"}]],"pathType":0,"experimentIDs":["5B6C5C28-5CDE-4A51-911C-C2D374ED4910"]}