{"id":"5B6C5C28-5CDE-4A51-911C-C2D374ED4910","validationEntity":{"analysedDataType":"auto","dataResult":{}},"modelEntity":{"createdDate":"2021-02-17T19:46:23Z","id":"07A02C57-D923-4B16-B4D9-E9F5A4AB303B","experimentID":"5B6C5C28-5CDE-4A51-911C-C2D374ED4910","title":"","modifiedDate":"2021-02-17T19:46:23Z","preferredFilename":"","version":"1.0","modelURL":"Models\/matplotlibfiles%201.mlmodel"},"version":"1.0","settingEntity":{"taskType":"imageClassifier","augmentations":["rotate","flip"],"styleTransferAlgorithmType":"image","iterationCount":25,"transferLearningEmbeddingType":"dynamic","harVideoAugmentations":0,"algorithmType":"maxEnt","seedType":"default","featureNames":[]},"state":"trained","trainingEntity":{"finishTime":"2021-02-17T19:47:36Z","recipeTrainingResults":{"imageClassifier":{"confusionMatrix":[{"expected":"health","actual":"health","count":262},{"expected":"sick","actual":"health","count":123},{"expected":"health","actual":"sick","count":58},{"expected":"sick","actual":"sick","count":578}],"statsByLabel":{"health":{"count":385,"precisionRecall":{"success":{"recall":0.68051948051948052,"precision":0.81874999999999998}}},"sick":{"count":636,"precisionRecall":{"success":{"recall":0.9088050314465409,"precision":0.82453637660485024}}}},"accuracy":0.82272282076395686}},"dataResult":{"itemsCount":272,"dataURL":"file:\/\/\/Users\/aleksandrsmakotin\/Downloads\/train\/","classesCount":2,"dataSourceID":"AB5F5A6D-6987-4419-A487-A06E4ED98241","analysis":{"summary":{"sampleCount":272,"classCount":2,"canUseValidation":1},"issues":[{"description":"2 classes found, including sick, health","severity":"debug"},{"description":"272 images found, automatically creating validation set","severity":"good"},{"description":"Smallest class is \"health\" with 104 images","severity":"debug"},{"description":"Largest class is \"sick\" with 168 images","severity":"debug"}],"classifierAnalysis":{"columns":[],"vizualizerSpec":"","labelStats":{"health":104,"sick":168}}}},"dataURL":"file:\/\/\/Users\/aleksandrsmakotin\/Downloads\/train\/","featureExtractionCheckpointMayBeAvailable":false,"recipeValidationResults":{"imageClassifier":{"confusionMatrix":[{"expected":"health","actual":"health","count":18},{"expected":"sick","actual":"health","count":13},{"expected":"health","actual":"sick","count":8},{"expected":"sick","actual":"sick","count":28}],"statsByLabel":{"health":{"count":31,"precisionRecall":{"success":{"recall":0.58064516129032262,"precision":0.69230769230769229}}},"sick":{"count":36,"precisionRecall":{"success":{"recall":0.77777777777777779,"precision":0.68292682926829273}}}},"accuracy":0.68656716417910446}},"progress":[{"currentRowIndex":0,"tableIndex":0,"count":0,"isLast":false,"percentComplete":0,"tableDone":false},{"icTrainingColumnHeader":{"hasValidation":true,"elapsedTime":0.16703899999999999,"trainingAccuracy":0.622919,"iterationCount":1,"validationAccuracy":0.53731300000000004},"isLast":false,"currentRowIndex":0,"count":1,"tableDone":false,"tableIndex":55,"percentComplete":0},{"icTrainingColumnHeader":{"hasValidation":true,"elapsedTime":0.58102200000000004,"trainingAccuracy":0.63369200000000003,"iterationCount":2,"validationAccuracy":0.55223900000000004},"isLast":false,"currentRowIndex":0,"count":2,"tableDone":false,"tableIndex":55,"percentComplete":0},{"icTrainingColumnHeader":{"hasValidation":true,"elapsedTime":0.68306699999999998,"trainingAccuracy":0.66895199999999999,"iterationCount":3,"validationAccuracy":0.76119400000000004},"isLast":false,"currentRowIndex":0,"count":3,"tableDone":false,"tableIndex":55,"percentComplete":0},{"icTrainingColumnHeader":{"hasValidation":true,"elapsedTime":0.91840299999999997,"trainingAccuracy":0.74143000000000003,"iterationCount":4,"validationAccuracy":0.62686600000000003},"isLast":false,"currentRowIndex":0,"count":4,"tableDone":false,"tableIndex":55,"percentComplete":0},{"icTrainingColumnHeader":{"hasValidation":true,"elapsedTime":1.0514969999999999,"trainingAccuracy":0.74240899999999999,"iterationCount":5,"validationAccuracy":0.567164},"isLast":false,"currentRowIndex":0,"count":5,"tableDone":false,"tableIndex":55,"percentComplete":0},{"icTrainingColumnHeader":{"hasValidation":true,"elapsedTime":1.8682799999999999,"trainingAccuracy":0.82272299999999998,"iterationCount":10,"validationAccuracy":0.68656700000000004},"isLast":false,"currentRowIndex":0,"count":10,"tableDone":true,"tableIndex":55,"percentComplete":0},{"currentRowIndex":0,"tableIndex":0,"count":15,"isLast":false,"percentComplete":0,"tableDone":false},{"currentRowIndex":0,"tableIndex":0,"count":20,"isLast":false,"percentComplete":0,"tableDone":false},{"currentRowIndex":0,"tableIndex":0,"count":25,"isLast":false,"percentComplete":0,"tableDone":false},{"currentRowIndex":0,"tableIndex":0,"count":30,"isLast":false,"percentComplete":0,"tableDone":false},{"currentRowIndex":0,"tableIndex":0,"count":35,"isLast":false,"percentComplete":0,"tableDone":false},{"currentRowIndex":0,"tableIndex":0,"count":40,"isLast":false,"percentComplete":0,"tableDone":false},{"currentRowIndex":0,"tableIndex":0,"count":45,"isLast":false,"percentComplete":0,"tableDone":false},{"currentRowIndex":0,"tableIndex":0,"count":50,"isLast":false,"percentComplete":0,"tableDone":false},{"currentRowIndex":0,"tableIndex":0,"count":55,"isLast":false,"percentComplete":0,"tableDone":false},{"currentRowIndex":0,"tableIndex":0,"count":60,"isLast":false,"percentComplete":0,"tableDone":false},{"currentRowIndex":0,"tableIndex":0,"count":65,"isLast":false,"percentComplete":0,"tableDone":false},{"currentRowIndex":0,"tableIndex":0,"count":70,"isLast":false,"percentComplete":0,"tableDone":false},{"currentRowIndex":0,"tableIndex":0,"count":75,"isLast":false,"percentComplete":0,"tableDone":false},{"currentRowIndex":0,"tableIndex":0,"count":80,"isLast":false,"percentComplete":0,"tableDone":false},{"currentRowIndex":0,"tableIndex":0,"count":85,"isLast":false,"percentComplete":0,"tableDone":false},{"currentRowIndex":0,"tableIndex":0,"count":90,"isLast":false,"percentComplete":0,"tableDone":false},{"currentRowIndex":0,"tableIndex":0,"count":95,"isLast":false,"percentComplete":0,"tableDone":false},{"currentRowIndex":0,"tableIndex":0,"count":100,"isLast":false,"percentComplete":0,"tableDone":false},{"currentRowIndex":0,"tableIndex":0,"count":105,"isLast":false,"percentComplete":0,"tableDone":false},{"currentRowIndex":0,"tableIndex":0,"count":110,"isLast":false,"percentComplete":0,"tableDone":false},{"currentRowIndex":0,"tableIndex":0,"count":115,"isLast":false,"percentComplete":0,"tableDone":false},{"currentRowIndex":0,"tableIndex":0,"count":120,"isLast":false,"percentComplete":0,"tableDone":false},{"currentRowIndex":0,"tableIndex":0,"count":125,"isLast":false,"percentComplete":0,"tableDone":false},{"currentRowIndex":0,"tableIndex":0,"count":130,"isLast":false,"percentComplete":0,"tableDone":false},{"currentRowIndex":0,"tableIndex":0,"count":135,"isLast":false,"percentComplete":0,"tableDone":false},{"currentRowIndex":0,"tableIndex":0,"count":140,"isLast":false,"percentComplete":0,"tableDone":false},{"currentRowIndex":0,"tableIndex":0,"count":145,"isLast":false,"percentComplete":0,"tableDone":false},{"currentRowIndex":0,"tableIndex":0,"count":150,"isLast":false,"percentComplete":0,"tableDone":false},{"currentRowIndex":0,"tableIndex":0,"count":155,"isLast":false,"percentComplete":0,"tableDone":false},{"currentRowIndex":0,"tableIndex":0,"count":160,"isLast":false,"percentComplete":0,"tableDone":false},{"currentRowIndex":0,"tableIndex":0,"count":165,"isLast":false,"percentComplete":0,"tableDone":false},{"currentRowIndex":0,"tableIndex":0,"count":170,"isLast":false,"percentComplete":0,"tableDone":false},{"currentRowIndex":0,"tableIndex":0,"count":175,"isLast":false,"percentComplete":0,"tableDone":false},{"currentRowIndex":0,"tableIndex":0,"count":180,"isLast":false,"percentComplete":0,"tableDone":false},{"currentRowIndex":0,"tableIndex":0,"count":185,"isLast":false,"percentComplete":0,"tableDone":false},{"currentRowIndex":0,"tableIndex":0,"count":190,"isLast":false,"percentComplete":0,"tableDone":false},{"currentRowIndex":0,"tableIndex":0,"count":195,"isLast":false,"percentComplete":0,"tableDone":false},{"currentRowIndex":0,"tableIndex":0,"count":200,"isLast":false,"percentComplete":0,"tableDone":false},{"currentRowIndex":0,"tableIndex":0,"count":205,"isLast":false,"percentComplete":0,"tableDone":false},{"currentRowIndex":0,"tableIndex":0,"count":210,"isLast":false,"percentComplete":0,"tableDone":false},{"currentRowIndex":0,"tableIndex":0,"count":215,"isLast":false,"percentComplete":0,"tableDone":false},{"currentRowIndex":0,"tableIndex":0,"count":220,"isLast":false,"percentComplete":0,"tableDone":false},{"currentRowIndex":0,"tableIndex":0,"count":225,"isLast":false,"percentComplete":0,"tableDone":false},{"currentRowIndex":0,"tableIndex":0,"count":230,"isLast":false,"percentComplete":0,"tableDone":false},{"currentRowIndex":0,"tableIndex":0,"count":235,"isLast":false,"percentComplete":0,"tableDone":false},{"currentRowIndex":0,"tableIndex":0,"count":240,"isLast":false,"percentComplete":0,"tableDone":false},{"currentRowIndex":0,"tableIndex":0,"count":245,"isLast":false,"percentComplete":0,"tableDone":false},{"currentRowIndex":0,"tableIndex":0,"count":250,"isLast":false,"percentComplete":0,"tableDone":false},{"currentRowIndex":0,"tableIndex":0,"count":255,"isLast":false,"percentComplete":0,"tableDone":false},{"currentRowIndex":0,"tableIndex":0,"count":260,"isLast":false,"percentComplete":0,"tableDone":false},{"currentRowIndex":0,"tableIndex":0,"count":265,"isLast":false,"percentComplete":0,"tableDone":false},{"currentRowIndex":0,"tableIndex":0,"count":270,"isLast":false,"percentComplete":0,"tableDone":false},{"currentRowIndex":0,"tableIndex":0,"count":272,"isLast":false,"percentComplete":0,"tableDone":true}],"trainingAccuracy":0.82272282076395686,"checkpointMetrics":{},"analysedDataType":"none","dataSourceID":"AB5F5A6D-6987-4419-A487-A06E4ED98241","snapshottableCheckpoints":{},"validationAccuracy":0.68656716417910446,"startTime":"2021-02-17T19:46:49Z"},"createdDate":"2021-02-17T19:46:23Z","snapshotRole":{"withoutSnapshots":0},"evaluationEntities":[{"result":{"imageClassifier":{"statsByLabel":{"health":{"count":12,"precisionRecall":{"success":{"recall":0.33333333333333331,"precision":1}}},"sick":{"count":12,"precisionRecall":{"success":{"recall":1,"precision":0.59999999999999998}}}},"accuracy":0.66666666666666663}},"dataURL":"file:\/\/\/Users\/aleksandrsmakotin\/Downloads\/test\/","id":"55ecdc63-8d7a-4e44-9273-29b695fc486a","dataResult":{"itemsCount":24,"dataURL":"file:\/\/\/Users\/aleksandrsmakotin\/Downloads\/test\/","classesCount":2,"dataSourceID":"E8789195-63EF-4D9B-AD20-9F2870310855","analysis":{"summary":{"sampleCount":24,"classCount":2,"canUseValidation":0},"issues":[{"description":"2 classes found, including health, sick","severity":"debug"},{"description":"Less than 50 total images found - add more to improve model validation","severity":"warning"},{"description":"Smallest class is \"sick\" with 12 images","severity":"debug"},{"description":"Largest class is \"health\" with 12 images","severity":"debug"}],"classifierAnalysis":{"columns":[],"vizualizerSpec":"","labelStats":{"health":12,"sick":12}}}},"dataSourceID":"E8789195-63EF-4D9B-AD20-9F2870310855","analysedDataType":"none","accuracy":0.66666666666666663,"startTime":"2021-02-17T19:47:38Z","finishTime":"2021-02-17T19:47:39Z"},{"id":"de8e2bd7-f2b0-4fb9-b314-f25a0866b825","dataResult":{"itemsCount":24,"dataURL":"file:\/\/\/Users\/aleksandrsmakotin\/Downloads\/test\/","classesCount":2,"dataSourceID":"E8789195-63EF-4D9B-AD20-9F2870310855","analysis":{"summary":{"canUseValidation":0,"classCount":2,"sampleCount":24},"issues":[{"description":"2 classes found, including health, sick","severity":"debug"},{"description":"Less than 50 total images found - add more to improve model validation","severity":"warning"},{"description":"Smallest class is \"sick\" with 12 images","severity":"debug"},{"description":"Largest class is \"health\" with 12 images","severity":"debug"}],"classifierAnalysis":{"columns":[],"vizualizerSpec":"","labelStats":{"health":12,"sick":12}}}},"dataURL":"file:\/\/\/Users\/aleksandrsmakotin\/Downloads\/test\/","dataSourceID":"E8789195-63EF-4D9B-AD20-9F2870310855","analysedDataType":"none"}],"activityEntities":["trainingStarted",[{"id":"F3817FC3-3DA0-4796-9B62-BABAE0E3182C","title":"Training Started","createdDate":"2021-02-17T19:46:49Z","event":"trainingStarted","subtitle":"25 iterations"}],"trainingDataAdded",[{"id":"44D713D4-12BA-4B30-A8A1-9BE40F093E79","title":"Training Data Added","createdDate":"2021-02-17T19:46:31Z","event":"trainingDataAdded","subtitle":"train"}],"experimentCreated",[{"id":"41116519-FB02-4FC8-B566-D76319F09C23","title":"Model Source Created","createdDate":"2021-02-17T19:46:23Z","event":"experimentCreated","subtitle":"matplotlibfiles 1"}],"evaluationDataAdded",[{"id":"DDC32A94-F3C6-44C3-805D-2E5452590880","title":"Testing Data Added","createdDate":"2021-02-17T19:46:46Z","event":"evaluationDataAdded","subtitle":"test"}],"evaluationStarted",[{"id":"692E1AA1-EA45-49DC-9501-737A5CA6DA9D","title":"Testing Started","createdDate":"2021-02-17T19:47:38Z","event":"evaluationStarted","subtitle":"matplotlibfiles 1"}],"evaluationFinished",[{"id":"8A0FF4F2-E8F6-42A7-B682-49D5AF69971C","title":"Testing Completed","createdDate":"2021-02-17T19:47:39Z","event":"evaluationFinished","subtitle":"matplotlibfiles 1"}],"trainingFinished",[{"id":"B2622FF0-424E-44A6-B907-B37B73A0681A","title":"Training Completed","createdDate":"2021-02-17T19:47:36Z","event":"trainingFinished","subtitle":"Model converged at 10 iterations"}]],"title":"matplotlibfiles 1","evaluationEntity":{"result":{"imageClassifier":{"statsByLabel":{"health":{"count":12,"precisionRecall":{"success":{"recall":0.33333333333333331,"precision":1}}},"sick":{"count":12,"precisionRecall":{"success":{"recall":1,"precision":0.59999999999999998}}}},"accuracy":0.66666666666666663}},"dataURL":"file:\/\/\/Users\/aleksandrsmakotin\/Downloads\/test\/","id":"e34a66e1-1d23-42b6-b3ee-177ed9b446c3","dataResult":{"itemsCount":24,"dataURL":"file:\/\/\/Users\/aleksandrsmakotin\/Downloads\/test\/","classesCount":2,"dataSourceID":"E8789195-63EF-4D9B-AD20-9F2870310855","analysis":{"summary":{"sampleCount":24,"classCount":2,"canUseValidation":0},"issues":[{"description":"2 classes found, including health, sick","severity":"debug"},{"description":"Less than 50 total images found - add more to improve model validation","severity":"warning"},{"description":"Smallest class is \"sick\" with 12 images","severity":"debug"},{"description":"Largest class is \"health\" with 12 images","severity":"debug"}],"classifierAnalysis":{"columns":[],"vizualizerSpec":"","labelStats":{"health":12,"sick":12}}}},"dataSourceID":"E8789195-63EF-4D9B-AD20-9F2870310855","analysedDataType":"none","accuracy":0.66666666666666663,"startTime":"2021-02-17T19:47:38Z","finishTime":"2021-02-17T19:47:39Z"},"evaluationState":"evaluated","contentDataResult":{},"modifiedDate":"2021-02-17T19:47:39Z","preferredFilename":"matplotlibfiles 1"}